File,Uniformity (%)
runlog1.txt,42.78575758596302
runlog2.txt,42.68039458859902
runlog3.txt,42.704495882948414
